SET statement_timeout = 0;
SET lock_timeout = 0;
SET idle_in_transaction_session_timeout = 0;
SET client_encoding = 'UTF8';
SET standard_conforming_strings = on;
SELECT pg_catalog.set_config('search_path', '', false);
SET check_function_bodies = false;
SET xmloption = content;
SET client_min_messages = warning;
SET row_security = off;

SET default_tablespace = '';

SET default_table_access_method = heap;

--
-- TOC entry 216 (class 1259 OID 16803)
-- Name: companies; Type: TABLE; Schema: public; Owner: postgres
--

CREATE TABLE public.companies (
    id integer NOT NULL,
    name character varying(32) NOT NULL,
    state_code character varying(32) NOT NULL,
    country character varying(32) NOT NULL,
    info character varying(240)
);


ALTER TABLE public.companies OWNER TO postgres;

--
-- TOC entry 215 (class 1259 OID 16802)
-- Name: companies_id_seq; Type: SEQUENCE; Schema: public; Owner: postgres
--

ALTER TABLE public.companies ALTER COLUMN id ADD GENERATED BY DEFAULT AS IDENTITY (
    SEQUENCE NAME public.companies_id_seq
    START WITH 1
    INCREMENT BY 1
    NO MINVALUE
    NO MAXVALUE
    CACHE 1
);


--
-- TOC entry 221 (class 1259 OID 16844)
-- Name: company_project; Type: TABLE; Schema: public; Owner: postgres
--

CREATE TABLE public.company_project (
    company_id integer NOT NULL,
    project_id integer NOT NULL
);


ALTER TABLE public.company_project OWNER TO postgres;

--
-- TOC entry 218 (class 1259 OID 16809)
-- Name: customers; Type: TABLE; Schema: public; Owner: postgres
--

CREATE TABLE public.customers (
    id integer NOT NULL,
    name character varying(32) NOT NULL,
    state_code character varying(32) NOT NULL,
    country character varying(32) NOT NULL,
    birthday date,
    sex character varying(12),
    info character varying(240)
);


ALTER TABLE public.customers OWNER TO postgres;

--
-- TOC entry 217 (class 1259 OID 16808)
-- Name: customers_id_seq; Type: SEQUENCE; Schema: public; Owner: postgres
--

ALTER TABLE public.customers ALTER COLUMN id ADD GENERATED BY DEFAULT AS IDENTITY (
    SEQUENCE NAME public.customers_id_seq
    START WITH 1
    INCREMENT BY 1
    NO MINVALUE
    NO MAXVALUE
    CACHE 1
);


--
-- TOC entry 222 (class 1259 OID 16859)
-- Name: customers_project; Type: TABLE; Schema: public; Owner: postgres
--

CREATE TABLE public.customers_project (
    customer_id integer NOT NULL,
    project_id integer NOT NULL
);


ALTER TABLE public.customers_project OWNER TO postgres;

--
-- TOC entry 219 (class 1259 OID 16814)
-- Name: developer_project; Type: TABLE; Schema: public; Owner: postgres
--

CREATE TABLE public.developer_project (
    developer_id integer NOT NULL,
    project_id integer NOT NULL
);


ALTER TABLE public.developer_project OWNER TO postgres;

--
-- TOC entry 220 (class 1259 OID 16829)
-- Name: developer_skills; Type: TABLE; Schema: public; Owner: postgres
--

CREATE TABLE public.developer_skills (
    developer_id integer NOT NULL,
    skill_id integer NOT NULL
);


ALTER TABLE public.developer_skills OWNER TO postgres;

--
-- TOC entry 210 (class 1259 OID 16777)
-- Name: developers; Type: TABLE; Schema: public; Owner: postgres
--

CREATE TABLE public.developers (
    id integer NOT NULL,
    name character varying(120) NOT NULL,
    first_name character varying(120) NOT NULL,
    last_name character varying(120),
    age integer,
    state_code character varying(32) NOT NULL,
    birthday date NOT NULL,
    sex character varying(12) NOT NULL,
    country character varying(32) NOT NULL,
    address character varying(120),
    status integer DEFAULT 1 NOT NULL,
    salary numeric(18,2),
    CONSTRAINT df_developers_status_value CHECK (((status = 1) OR (status = 0)))
);


ALTER TABLE public.developers OWNER TO postgres;

--
-- TOC entry 209 (class 1259 OID 16776)
-- Name: developers_id_seq; Type: SEQUENCE; Schema: public; Owner: postgres
--

ALTER TABLE public.developers ALTER COLUMN id ADD GENERATED BY DEFAULT AS IDENTITY (
    SEQUENCE NAME public.developers_id_seq
    START WITH 1
    INCREMENT BY 1
    NO MINVALUE
    NO MAXVALUE
    CACHE 1
);


--
-- TOC entry 214 (class 1259 OID 16795)
-- Name: projects; Type: TABLE; Schema: public; Owner: postgres
--

CREATE TABLE public.projects (
    id integer NOT NULL,
    name character varying(32) NOT NULL,
    info character varying(240),
    status integer DEFAULT 1 NOT NULL,
    cost numeric(18,2),
    date_creation DATE,
    CONSTRAINT df_projects_status_value CHECK (((status = 1) OR (status = 0)))
);


ALTER TABLE public.projects OWNER TO postgres;

--
-- TOC entry 213 (class 1259 OID 16794)
-- Name: projects_id_seq; Type: SEQUENCE; Schema: public; Owner: postgres
--

ALTER TABLE public.projects ALTER COLUMN id ADD GENERATED BY DEFAULT AS IDENTITY (
    SEQUENCE NAME public.projects_id_seq
    START WITH 1
    INCREMENT BY 1
    NO MINVALUE
    NO MAXVALUE
    CACHE 1
);


--
-- TOC entry 212 (class 1259 OID 16787)
-- Name: skills; Type: TABLE; Schema: public; Owner: postgres
--

CREATE TABLE public.skills (
    id integer NOT NULL,
    branch character varying(32) NOT NULL,
    level character varying(32) NOT NULL
);


ALTER TABLE public.skills OWNER TO postgres;

--
-- TOC entry 211 (class 1259 OID 16786)
-- Name: skills_id_seq; Type: SEQUENCE; Schema: public; Owner: postgres
--

ALTER TABLE public.skills ALTER COLUMN id ADD GENERATED BY DEFAULT AS IDENTITY (
    SEQUENCE NAME public.skills_id_seq
    START WITH 1
    INCREMENT BY 1
    NO MINVALUE
    NO MAXVALUE
    CACHE 1
);


--
-- TOC entry 3378 (class 0 OID 16803)
-- Dependencies: 216
-- Data for Name: companies; Type: TABLE DATA; Schema: public; Owner: postgres
--

INSERT INTO public.companies (id, name, state_code, country, info) VALUES (19, 'DevGames', '12345678', 'Ukraine', 'Co "DevGames" Game development');
INSERT INTO public.companies (id, name, state_code, country, info) VALUES (20, 'BotStudio', '87654321', 'Germany', 'BotStudio Co Telegram bot development');
INSERT INTO public.companies (id, name, state_code, country, info) VALUES (21, 'AmigoStudio', '07032589', 'USA', 'AmigoStudio IT Environment');


--
-- TOC entry 3383 (class 0 OID 16844)
-- Dependencies: 221
-- Data for Name: company_project; Type: TABLE DATA; Schema: public; Owner: postgres
--

INSERT INTO public.company_project (company_id, project_id) VALUES (19, 24);
INSERT INTO public.company_project (company_id, project_id) VALUES (21, 22);
INSERT INTO public.company_project (company_id, project_id) VALUES (21, 23);


--
-- TOC entry 3380 (class 0 OID 16809)
-- Dependencies: 218
-- Data for Name: customers; Type: TABLE DATA; Schema: public; Owner: postgres
--

INSERT INTO public.customers (id, name, state_code, country, birthday, sex, info) VALUES (15, 'Schnaps Dmytro', '1234567890', 'Germany', '1980-05-15', 'Man', 'individual');
INSERT INTO public.customers (id, name, state_code, country, birthday, sex, info) VALUES (16, 'Co "ProduktoFF"', '12345678', 'Ukraine', NULL, NULL, 'Co "ProduktoFF" sells food');
INSERT INTO public.customers (id, name, state_code, country, birthday, sex, info) VALUES (17, 'Co "Int.Advertising&Marketing"', '21458671', 'Ukraine', NULL, NULL, 'Advertising and marketing');


--
-- TOC entry 3384 (class 0 OID 16859)
-- Dependencies: 222
-- Data for Name: customers_project; Type: TABLE DATA; Schema: public; Owner: postgres
--

INSERT INTO public.customers_project (customer_id, project_id) VALUES (15, 24);


--
-- TOC entry 3381 (class 0 OID 16814)
-- Dependencies: 219
-- Data for Name: developer_project; Type: TABLE DATA; Schema: public; Owner: postgres
--

INSERT INTO public.developer_project (developer_id, project_id) VALUES (22, 24);
INSERT INTO public.developer_project (developer_id, project_id) VALUES (23, 24);
INSERT INTO public.developer_project (developer_id, project_id) VALUES (24, 24);
INSERT INTO public.developer_project (developer_id, project_id) VALUES (22, 22);
INSERT INTO public.developer_project (developer_id, project_id) VALUES (24, 22);
INSERT INTO public.developer_project (developer_id, project_id) VALUES (23, 23);
INSERT INTO public.developer_project (developer_id, project_id) VALUES (24, 23);


--
-- TOC entry 3382 (class 0 OID 16829)
-- Dependencies: 220
-- Data for Name: developer_skills; Type: TABLE DATA; Schema: public; Owner: postgres
--

INSERT INTO public.developer_skills (developer_id, skill_id) VALUES (22, 86);
INSERT INTO public.developer_skills (developer_id, skill_id) VALUES (22, 95);
INSERT INTO public.developer_skills (developer_id, skill_id) VALUES (23, 86);
INSERT INTO public.developer_skills (developer_id, skill_id) VALUES (23, 89);
INSERT INTO public.developer_skills (developer_id, skill_id) VALUES (24, 87);
INSERT INTO public.developer_skills (developer_id, skill_id) VALUES (24, 89);


--
-- TOC entry 3372 (class 0 OID 16777)
-- Dependencies: 210
-- Data for Name: developers; Type: TABLE DATA; Schema: public; Owner: postgres
--

INSERT INTO public.developers (id, name, first_name, last_name, age, state_code, birthday, sex, country, address, status, salary) VALUES (23, 'Inna', 'Kuzmina', 'Leonidivna', 35, '0987654321', '1986-06-14', 'Woman', 'Ukraine', 'Kyiv,Suaburova str 3,ap15', 1, 120000.00);
INSERT INTO public.developers (id, name, first_name, last_name, age, state_code, birthday, sex, country, address, status, salary) VALUES (22, 'Ivan', 'Ivanov', 'Ivanovych', 30, '1234567899', '1991-04-15', 'Man', 'Ukraine', 'Mykolayiv,Suvorova str 25,ap5', 1, 100000.00);
INSERT INTO public.developers (id, name, first_name, last_name, age, state_code, birthday, sex, country, address, status, salary) VALUES (24, 'Maksym', 'Ivanov', 'Maksymovych', 25, '4444444444', '1996-02-17', 'Man', 'Ukraine', 'Lviv,Kropuvnutskogo str 7a,ap8', 1, 130000.00);


--
-- TOC entry 3376 (class 0 OID 16795)
-- Dependencies: 214
-- Data for Name: projects; Type: TABLE DATA; Schema: public; Owner: postgres
--

INSERT INTO public.projects (id, name, info, status, cost, date_creation) VALUES (22, 'TelegramBot', 'Telegram Bot to display the exchange rate', 1, 200000.00, '2018.01.13');
INSERT INTO public.projects (id, name, info, status, cost, date_creation) VALUES (23, 'Basket', 'Create a program to count products in the cart', 1, 30000.00, '2017.03.15');
INSERT INTO public.projects (id, name, info, status, cost, date_creation) VALUES (24, 'Back4Blood', 'Game development for PC "Back 4 Blood"', 1, 15000000.00), '2015.05.21';


--
-- TOC entry 3374 (class 0 OID 16787)
-- Dependencies: 212
-- Data for Name: skills; Type: TABLE DATA; Schema: public; Owner: postgres
--

INSERT INTO public.skills (id, branch, level) VALUES (85, 'Java', 'Junior');
INSERT INTO public.skills (id, branch, level) VALUES (86, 'Java', 'Middle');
INSERT INTO public.skills (id, branch, level) VALUES (87, 'Java', 'Senior');
INSERT INTO public.skills (id, branch, level) VALUES (88, 'C++', 'Junior');
INSERT INTO public.skills (id, branch, level) VALUES (89, 'C++', 'Middle');
INSERT INTO public.skills (id, branch, level) VALUES (90, 'C++', 'Senior');
INSERT INTO public.skills (id, branch, level) VALUES (91, 'C#', 'Junior');
INSERT INTO public.skills (id, branch, level) VALUES (92, 'C#', 'Middle');
INSERT INTO public.skills (id, branch, level) VALUES (93, 'C#', 'Senior');
INSERT INTO public.skills (id, branch, level) VALUES (94, 'JS', 'Junior');
INSERT INTO public.skills (id, branch, level) VALUES (95, 'JS', 'Middle');
INSERT INTO public.skills (id, branch, level) VALUES (96, 'JS', 'Senior');


--
-- TOC entry 3390 (class 0 OID 0)
-- Dependencies: 215
-- Name: companies_id_seq; Type: SEQUENCE SET; Schema: public; Owner: postgres
--

SELECT pg_catalog.setval('public.companies_id_seq', 21, true);


--
-- TOC entry 3391 (class 0 OID 0)
-- Dependencies: 217
-- Name: customers_id_seq; Type: SEQUENCE SET; Schema: public; Owner: postgres
--

SELECT pg_catalog.setval('public.customers_id_seq', 17, true);


--
-- TOC entry 3392 (class 0 OID 0)
-- Dependencies: 209
-- Name: developers_id_seq; Type: SEQUENCE SET; Schema: public; Owner: postgres
--

SELECT pg_catalog.setval('public.developers_id_seq', 57, true);


--
-- TOC entry 3393 (class 0 OID 0)
-- Dependencies: 213
-- Name: projects_id_seq; Type: SEQUENCE SET; Schema: public; Owner: postgres
--

SELECT pg_catalog.setval('public.projects_id_seq', 26, true);


--
-- TOC entry 3394 (class 0 OID 0)
-- Dependencies: 211
-- Name: skills_id_seq; Type: SEQUENCE SET; Schema: public; Owner: postgres
--

SELECT pg_catalog.setval('public.skills_id_seq', 98, true);


--
-- TOC entry 3213 (class 2606 OID 16807)
-- Name: companies companies_pkey; Type: CONSTRAINT; Schema: public; Owner: postgres
--

ALTER TABLE ONLY public.companies
    ADD CONSTRAINT companies_pkey PRIMARY KEY (id);


--
-- TOC entry 3215 (class 2606 OID 16813)
-- Name: customers customers_pkey; Type: CONSTRAINT; Schema: public; Owner: postgres
--

ALTER TABLE ONLY public.customers
    ADD CONSTRAINT customers_pkey PRIMARY KEY (id);


--
-- TOC entry 3205 (class 2606 OID 16785)
-- Name: developers developers_pkey; Type: CONSTRAINT; Schema: public; Owner: postgres
--

ALTER TABLE ONLY public.developers
    ADD CONSTRAINT developers_pkey PRIMARY KEY (id);


--
-- TOC entry 3219 (class 2606 OID 16833)
-- Name: developer_skills pk_developer_skills_develop_skill; Type: CONSTRAINT; Schema: public; Owner: postgres
--

ALTER TABLE ONLY public.developer_skills
    ADD CONSTRAINT pk_developer_skills_develop_skill PRIMARY KEY (developer_id, skill_id);


--
-- TOC entry 3221 (class 2606 OID 16848)
-- Name: company_project pk_match_company_project_comp_project; Type: CONSTRAINT; Schema: public; Owner: postgres
--

ALTER TABLE ONLY public.company_project
    ADD CONSTRAINT pk_match_company_project_comp_project PRIMARY KEY (company_id, project_id);


--
-- TOC entry 3223 (class 2606 OID 16863)
-- Name: customers_project pk_match_customer_project_custom_project; Type: CONSTRAINT; Schema: public; Owner: postgres
--

ALTER TABLE ONLY public.customers_project
    ADD CONSTRAINT pk_match_customer_project_custom_project PRIMARY KEY (customer_id, project_id);


--
-- TOC entry 3217 (class 2606 OID 16818)
-- Name: developer_project pk_match_developer_project_develop_project; Type: CONSTRAINT; Schema: public; Owner: postgres
--

ALTER TABLE ONLY public.developer_project
    ADD CONSTRAINT pk_match_developer_project_develop_project PRIMARY KEY (developer_id, project_id);


--
-- TOC entry 3211 (class 2606 OID 16801)
-- Name: projects projects_pkey; Type: CONSTRAINT; Schema: public; Owner: postgres
--

ALTER TABLE ONLY public.projects
    ADD CONSTRAINT projects_pkey PRIMARY KEY (id);


--
-- TOC entry 3207 (class 2606 OID 16791)
-- Name: skills skills_pkey; Type: CONSTRAINT; Schema: public; Owner: postgres
--

ALTER TABLE ONLY public.skills
    ADD CONSTRAINT skills_pkey PRIMARY KEY (id);


--
-- TOC entry 3209 (class 2606 OID 16793)
-- Name: skills uq_skills_branch_level; Type: CONSTRAINT; Schema: public; Owner: postgres
--

ALTER TABLE ONLY public.skills
    ADD CONSTRAINT uq_skills_branch_level UNIQUE (branch, level);


--
-- TOC entry 3226 (class 2606 OID 16834)
-- Name: developer_skills fk_developer_skills_developer_id; Type: FK CONSTRAINT; Schema: public; Owner: postgres
--

ALTER TABLE ONLY public.developer_skills
    ADD CONSTRAINT fk_developer_skills_developer_id FOREIGN KEY (developer_id) REFERENCES public.developers(id);


--
-- TOC entry 3227 (class 2606 OID 16839)
-- Name: developer_skills fk_developer_skills_skill_id; Type: FK CONSTRAINT; Schema: public; Owner: postgres
--

ALTER TABLE ONLY public.developer_skills
    ADD CONSTRAINT fk_developer_skills_skill_id FOREIGN KEY (skill_id) REFERENCES public.skills(id);


--
-- TOC entry 3228 (class 2606 OID 16849)
-- Name: company_project fk_match_company_project_company_id; Type: FK CONSTRAINT; Schema: public; Owner: postgres
--

ALTER TABLE ONLY public.company_project
    ADD CONSTRAINT fk_match_company_project_company_id FOREIGN KEY (company_id) REFERENCES public.companies(id);


--
-- TOC entry 3230 (class 2606 OID 16864)
-- Name: customers_project fk_match_company_project_customer_id; Type: FK CONSTRAINT; Schema: public; Owner: postgres
--

ALTER TABLE ONLY public.customers_project
    ADD CONSTRAINT fk_match_company_project_customer_id FOREIGN KEY (customer_id) REFERENCES public.customers(id);


--
-- TOC entry 3229 (class 2606 OID 16854)
-- Name: company_project fk_match_company_project_project_id; Type: FK CONSTRAINT; Schema: public; Owner: postgres
--

ALTER TABLE ONLY public.company_project
    ADD CONSTRAINT fk_match_company_project_project_id FOREIGN KEY (project_id) REFERENCES public.projects(id);


--
-- TOC entry 3231 (class 2606 OID 16869)
-- Name: customers_project fk_match_company_project_project_id; Type: FK CONSTRAINT; Schema: public; Owner: postgres
--

ALTER TABLE ONLY public.customers_project
    ADD CONSTRAINT fk_match_company_project_project_id FOREIGN KEY (project_id) REFERENCES public.projects(id);


--
-- TOC entry 3224 (class 2606 OID 16819)
-- Name: developer_project fk_match_developer_project_developer_id; Type: FK CONSTRAINT; Schema: public; Owner: postgres
--

ALTER TABLE ONLY public.developer_project
    ADD CONSTRAINT fk_match_developer_project_developer_id FOREIGN KEY (developer_id) REFERENCES public.developers(id);


--
-- TOC entry 3225 (class 2606 OID 16824)
-- Name: developer_project fk_match_developer_project_project_id; Type: FK CONSTRAINT; Schema: public; Owner: postgres
--

ALTER TABLE ONLY public.developer_project
    ADD CONSTRAINT fk_match_developer_project_project_id FOREIGN KEY (project_id) REFERENCES public.projects(id);


-- Completed on 2022-02-09 23:29:32

--
-- PostgreSQL database dump complete
--

